name,importance
ALAND_ATOTAL_ratio,0.287194495720219
popuDensity_ALAND_km2,0.25321568048153864
temp_F,0.160833056226289
pm25_ug_m-3,0.15611688070621577
precip_in,0.14263988686573756
