name,importance
popuDensity_ATOTAL_km2,0.2722201802416865
temp_F,0.22607217917894612
pm25_ug_m-3,0.21838159238652258
precip_in,0.20206620834115627
month,0.08125983985168868
