name,importance
ALAND_ATOTAL_ratio,0.20435998721954993
popuDensity_ALAND_km2,0.19541399749395827
temp_F,0.13397346710517194
Rh_g_m-2,0.13247117045252677
NPP_g_m-2,0.11963804523169996
pm25_ug_m-3,0.11205190153336622
precip_in,0.10209143096372694
