name,importance
popuDensity_ALAND_km2,0.2699196052471746
pm25_ug_m-3,0.22558832634302625
temp_F,0.2244550128834025
precip_in,0.20574641584798678
month,0.07429063967840975
