name,importance
popuDensity_ATOTAL_km2,0.272247002259621
pm25_ug_m-3,0.22536635758671977
temp_F,0.22326187937009986
precip_in,0.20522495761784476
month,0.0738998031657147
