name,importance
popuDensity_ALAND_km2,0.2755567476910341
temp_F,0.2223880911498339
pm25_ug_m-3,0.22071477109352358
precip_in,0.20098847530558192
month,0.0803519147600265
