name,importance
popuDensity_ALAND_km2,0.27123698625132525
temp_F,0.22723803050997948
pm25_ug_m-3,0.21799022542672222
precip_in,0.20160099851345198
month,0.08193375929852104
