name,importance
popuDensity_ATOTAL_km2,0.271832428104568
pm25_ug_m-3,0.22524700795309632
temp_F,0.22367984412567143
precip_in,0.20549782369123878
month,0.07374289612542533
