name,importance
ALAND_ATOTAL_ratio,0.18325062076817522
popuDensity_ALAND_km2,0.17655876131971712
Rh_g_m-2,0.1258965088396773
temp_F,0.1254742396013329
NPP_g_m-2,0.10887139078817618
pm25_ug_m-3,0.10361106202854455
precip_in,0.09757189793736416
smallf_frac,0.024228058807136348
burned_frac,0.022908042499758238
DM_kg_m-2,0.010575390218876797
BB_g_m-2,0.010555832352560515
C_g_m-2,0.010498194838680827
