name,importance
GEOID,0.30466812513166724
month,0.19075172445107924
months_from_start,0.10909655331419912
popuDensity_ALAND_km2,0.09699481461209532
temp_F,0.0680591143246144
Rh_g_m-2,0.044140442261459314
PDSI,0.041609116050532836
median_inc,0.04098407956583617
SP01,0.03941515271734641
precip_in,0.03274306016778062
year,0.03153781740338927
