name,importance
GEOID,0.2956481014884393
month,0.18965733979252694
months_from_start,0.10626311078250376
popuDensity_ALAND_km2,0.0920389034298616
temp_F,0.0629622110382062
Rh_g_m-2,0.04004956453792287
pm25_ug_m-3,0.03984422471323725
median_inc,0.039076035470087915
PDSI,0.03807231994108811
SP01,0.03613776121089271
year,0.030528988935021727
precip_in,0.029721438660211756
