name,importance
GEOID,0.2794501989774948
NPP_g_m-2_1m_lag,0.16852781138249864
months_from_start,0.1660131808906041
popuDensity_ALAND_km2,0.15279651299868835
month,0.13118560848476077
STATEFP,0.10202668726595339
