name,importance
GEOID,0.31026110622112485
month,0.19172871879755057
months_from_start,0.11076734302769789
popuDensity_ALAND_km2,0.10016614870550056
temp_F,0.07121816612505705
Rh_g_m-2,0.04863994610206631
SP01,0.046596453513417284
PDSI,0.04487008321079926
median_inc,0.04331957616953172
year,0.032432458127254524
