name,importance
GEOID,0.3206293472606021
month,0.18901572390229715
months_from_start,0.14848762285771355
popuDensity_ALAND_km2,0.09692355912627063
NPP_g_m-2,0.06012381526406253
SP01,0.05073150409697985
Rh_g_m-2,0.04883951236803538
median_inc,0.04400134027675985
ALAND_ATOTAL_ratio,0.041247574847279075
